,precision,recall,f1-score,support
XGBoost,0.9817080006254898,0.9818840579710145,0.9813638456967299,2208.0
CatBoost,0.9856517075401177,0.9855072463768116,0.9853745926922246,2208.0
MLP,0.9894741365004572,0.9895833333333334,0.9894924952589074,2208.0
DNN,0.9861218476716462,0.9859601449275363,0.9858890022127514,2208.0
SVC,0.9914634670342226,0.9913949275362319,0.9914198588009334,2208.0
Logistic Regression,0.9891090164673813,0.9891304347826086,0.9891123947310932,2208.0
LightGBM,0.985153245095757,0.9850543478260869,0.9847077267626367,2208.0
Random Forest,0.9750994018486376,0.9782608695652174,0.9757590171974747,2208.0
